model_name,happy              ,fear                ,sad                ,disgust,anger,surprise          ,others            ,all_acc
ALL,       0.16666666666666666,0.11538461538461539,0.057692307692307696,0.48   ,0.05 ,0.5428571428571428,0.3111111111111111,0.3453145057766367
"[54, 78, 52, 225, 60, 175, 135]"
"[ 9, 9 , 3 , 108, 3 , 95 , 42]"